create database transport;
use transport;

#drop table if exists line;
create table line(
lineName varchar(50),
origin varchar(40),
destination varchar(40),
startTime varchar(20),
endTime varchar(20),
primary key(lineName,origin));
insert into line
	values ('1号线','富锦路','莘庄','05:30','22:30'),
           ('1号线','莘庄','富锦路','05:30','22:32'),
           ('2号线','浦东国际机场','徐泾东','06:00','22:00'),
		   ('2号线','徐泾东','浦东国际机场','05:30','22:45'),
           ('3号线','上海南站','江杨北路','05:25','22:30'),
           ('3号线','江杨北路','上海南站','05:25','22:35'),
		   ('4号线','宜山路','上海体育馆','05:30','22:30'),
           ('4号线','上海体育馆','宜山路','05:32','22:32'),
           ('5号线(主线)','莘庄','奉贤新城','06:00','22:30'),
           ('5号线(主线)','奉贤新城','莘庄','06:00','22:00'),
           ('5号线(支线)','东川路','闵行开发区','05:59','22:09'),
           ('5号线(支线)','闵行开发区','东川路','05:50','22:00'),
           ('6号线','港城路','东方体育中心','05:30','22:30'),
		   ('6号线','东方体育中心','港城路','05:30','22:30'),
           ('7号线','花木路','美兰湖','05:30','22:30'),
           ('7号线','美兰湖','花木路','05:30','22:15'),
           ('8号线','沈杜公路','市光路','05:30','22:30'),
           ('8号线','市光路','沈杜公路','05:30','22:30'),
           ('9号线','曹路','松江南站','05:30','22:30'),
           ('9号线','松江南站','曹路','05:40','21:50'),
           ('10号线(主线)','新江湾城','虹桥火车站','05:25','22:05'),
           ('10号线(主线)','虹桥火车站','新江湾城','05:55','22:05'),
           ('10号线(支线)','龙溪路','航中路','05:30','22:00'),
           ('10号线(支线)','航中路','龙溪路','05:30','22:01'),
           ('11号线(主线)','迪士尼','嘉定北','06:00','22:30'),
           ('11号线(主线)','嘉定北','迪士尼','05:38','22:10'),
           ('11号线(支线)','花桥','嘉定新城','05:40','21:51'),
           ('11号线(支线)','嘉定新城','花桥','05:40','21:51'),
           ('12号线','七莘路','金海路','05:30','22:30'),
           ('12号线','金海路','七莘路','05:30','22:30'),
           ('13号线','金运路','张江路','05:30','22:30'),
           ('13号线','张江路','金运路','06:00','22:30'),
           ('16号线','龙阳路','滴水湖','05:50','22:30'),
           ('16号线','滴水湖','龙阳路','06:00','22:30'),
		   ('17号线','东方绿洲','虹桥火车站','06:00','22:00'),
           ('17号线','虹桥火车站','东方绿洲','06:00','22:30'),
           ('磁悬浮','龙阳路','浦东国际机场','06:45','21:40'),
           ('磁悬浮','浦东国际机场','龙阳路','07:02','21:42'),
           ('浦江线','沈杜公路','汇臻路','06:00','23:00'),
           ('浦江线','汇臻路','沈杜公路','05:40','22:10');

#drop table if exists run;
create table run(
runId int,
lineName varchar(50),
origin varchar(40),
departureTime varchar(20),
primary key(runId,lineName,origin),
foreign key(lineName,origin) references line(lineName,origin));

#drop table if exists station;
create table station(
stationName varchar(40),
primary key(stationName));
insert into station
values('富锦路'),
('友谊西路'),
('宝安公路'),
('共富新村'),
('呼兰路'),
('通河新村'),
('共康路'),
('彭浦新村'),
('汶水路'),
('上海马戏城'),
('延长路'),
('中山北路'),
('上海火车站'),
('汉中路'),
('新闸路'),
('人民广场'),
('黄陂南路'),
('陕西南路'),
('常熟路'),
('衡山路'),
('徐家汇'),
('上海体育馆'),
('上海南站'),
('锦江乐园'),
('莲花路'),
('外环路'),
('莘庄'),
('徐泾东'),
('虹桥火车站'),
('虹桥2号航站楼'),
('淞虹路'),
('北新泾'),
('威宁路'),
('娄山关路'),
('中山公园'),
('江苏路'),
('静安寺'),
('南京东路'),
('陆家嘴'),
('东昌路'),
('世纪大道'),
('上海科技馆'),
('世纪公园'),
('龙阳路'),
('张江高科'),
('金科路'),
('广兰路'),
('唐镇'),
('创新中路'),
('华夏东路'),
('川沙'),
('凌空路'),
('远东大道'),
('海天三路'),
('浦东国际机场'),
('石龙路'),
('漕溪路'),
('宜山路'),
('虹桥路'),
('延安西路'),
('金沙江路'),
('曹杨路'),
('镇坪路'),
('中潭路'),
('宝山路'),
('东宝兴路'),
('虹口足球场'),
('赤峰路'),
('大柏树'),
('江湾镇'),
('殷高西路'),
('长江南路'),
('淞发路'),
('张华浜'),
('淞滨路'),
('水产路'),
('宝杨路'),
('友谊路'),
('铁力路'),
('江杨北路'),
('海伦路'),
('临平路'),
('大连路'),
('杨树浦路'),
('浦东大道'),
('浦电路'),
('蓝村路'),
('塘桥'),
('南浦大桥'),
('鲁班路'),
('大木桥路'),
('东安路'),
('上海体育场'),
('春申路'),
('银都路'),
('颛桥'),
('北桥'),
('剑川路'),
('东川路'),
('江川路'),
('西渡'),
('肖塘'),
('奉浦大道'),
('环城东路'),
('望园路'),
('金海湖'),
('奉贤新城'),
('金平路'),
('华宁路'),
('文井路'),
('闵行开发区'),
('港城路'),
('外高桥保税区北'),
('航津路'),
('外高桥保税区南'),
('洲海路'),
('五洲大道'),
('东靖路'),
('巨峰路'),
('五莲路'),
('博兴路'),
('金桥路'),
('云山路'),
('德平路'),
('北洋泾路'),
('民生路'),
('源深体育中心'),
('上海儿童医学中心'),
('临沂新村'),
('高科西路'),
('东明路'),
('高青路'),
('华夏西路'),
('上南路'),
('灵岩南路'),
('东方体育中心'),
('花木路'),
('芳华路'),
('锦绣路'),
('杨高南路'),
('云台路'),
('耀华路'),
('长清路'),
('后滩'),
('龙华中路'),
('肇嘉浜路'),
('昌平路'),
('长寿路'),
('岚皋路'),
('新村路'),
('大华三路'),
('行知路'),
('大场镇'),
('场中路'),
('上大路'),
('南陈路'),
('上海大学'),
('祁华路'),
('顾村公园'),
('刘行'),
('潘广路'),
('罗南新村'),
('美兰湖'),
('沈杜公路'),
('联航路'),
('江月路'),
('浦江镇'),
('芦恒路'),
('凌兆新村'),
('杨思'),
('成山路'),
('中华艺术宫'),
('西藏南路'),
('陆家浜路'),
('大世界'),
('曲阜路'),
('中兴路'),
('西藏北路'),
('曲阳路'),
('四平路'),
('鞍山新村'),
('江浦路'),
('黄兴路'),
('延吉中路'),
('黄兴公园'),
('翔殷路'),
('嫩江路'),
('市光路'),
('曹路'),
('民雷路'),
('顾唐路'),
('金海路'),
('金桥'),
('台儿庄路'),
('蓝天路'),
('芳甸路'),
('杨高中路'),
('商城路'),
('小南门'),
('马当路'),
('打浦桥'),
('桂林路'),
('漕河泾开发区'),
('合川路'),
('星中路'),
('七宝'),
('中春路'),
('九亭'),
('泗泾'),
('佘山'),
('洞泾'),
('松江大学城'),
('松江新城'),
('松江体育中心'),
('醉白池'),
('松江南站'),
('新江湾城'),
('殷高东路'),
('三门路'),
('江湾体育场'),
('五角场'),
('国权路'),
('同济大学'),
('邮电新村'),
('四川北路'),
('天潼路'),
('豫园'),
('老西门'),
('新天地'),
('上海图书馆'),
('交通大学'),
('宋园路'),
('伊犁路'),
('水城路'),
('龙溪路'),
('上海动物园'),
('虹桥1号航站楼'),
('龙柏新村'),
('紫藤路'),
('航中路'),
('迪士尼'),
('康新公路'),
('秀沿路'),
('罗山路'),
('御桥'),
('三林东'),
('浦三路'),
('三林'),
('云锦路'),
('龙华'),
('龙耀路'),
('上海游泳馆'),
('枫桥路'),
('真如'),
('上海西站'),
('李子园'),
('祁连山路'),
('武威路'),
('桃浦新村'),
('南翔'),
('马陆'),
('嘉定新城'),
('白银路'),
('嘉定西'),
('嘉定北'),
('上海赛车场'),
('昌吉东路'),
('上海汽车城'),
('安亭'),
('兆丰路'),
('光明路'),
('花桥'),
('申江路'),
('金京路'),
('杨高北路'),
('东陆路'),
('复兴岛'),
('爱国路'),
('隆昌路'),
('宁国路'),
('江浦公园'),
('提篮桥'),
('国际客运中心'),
('南京西路'),
('嘉善路'),
('龙漕路'),
('漕宝路'),
('桂林公园'),
('虹漕路'),
('虹梅路'),
('东兰路'),
('顾戴路'),
('虹莘路'),
('七莘路'),
('金运路'),
('金沙江西路'),
('丰庄'),
('祁连山南路'),
('真北路'),
('大渡河路'),
('武宁路'),
('江宁路'),
('自然博物馆'),
('淮海中路'),
('世博会博物馆'),
('世博大道'),
('华鹏路'),
('下南路'),
('北蔡'),
('陈春路'),
('莲溪路'),
('华夏中路'),
('中科路'),
('学林路'),
('张江路'),
('周浦东'),
('鹤沙航城'),
('航头东'),
('新场'),
('野生动物园'),
('惠南'),
('惠南东'),
('书院'),
('临港大道'),
('滴水湖'),
('褚光路'),
('蟠龙路'),
('徐盈路'),
('徐泾北城'),
('嘉松中路'),
('赵巷'),
('汇金路'),
('青浦新城'),
('曹盈路'),
('淀山湖大道'),
('朱家角'),
('东方绿洲'),
('三鲁公路'),
('闵瑞路'),
('浦航路'),
('东城一路'),
('汇臻路'),
('隆德路');

#drop table if exists lineStation;
create table lineStation(
lineName varchar(50),
origin varchar(40),
stationName varchar(40),
primary key(lineName,origin,stationName),
foreign key(lineName,origin) references line(lineName,origin),
foreign key(stationName) references station(stationName));
insert into lineStation
values('1号线','富锦路','莘庄'),
('1号线','富锦路','外环路'),
('1号线','富锦路','莲花路'),
('1号线','富锦路','锦江乐园'),
('1号线','富锦路','上海南站'),
('1号线','富锦路','漕宝路'),
('1号线','富锦路','上海体育馆'),
('1号线','富锦路','徐家汇'),
('1号线','富锦路','衡山路'),
('1号线','富锦路','常熟路'),
('1号线','富锦路','陕西南路'),
('1号线','富锦路','黄陂南路'),
('1号线','富锦路','人民广场'),
('1号线','富锦路','新闸路'),
('1号线','富锦路','汉中路'),
('1号线','富锦路','上海火车站'),
('1号线','富锦路','中山北路'),
('1号线','富锦路','延长路'),
('1号线','富锦路','上海马戏城'),
('1号线','富锦路','汶水路'),
('1号线','富锦路','彭浦新村'),
('1号线','富锦路','共康路'),
('1号线','富锦路','通河新村'),
('1号线','富锦路','呼兰路'),
('1号线','富锦路','共富新村'),
('1号线','富锦路','宝安公路'),
('1号线','富锦路','友谊西路'),
('1号线','富锦路','富锦路'),
('1号线','莘庄','莘庄'),
('1号线','莘庄','外环路'),
('1号线','莘庄','莲花路'),
('1号线','莘庄','锦江乐园'),
('1号线','莘庄','上海南站'),
('1号线','莘庄','漕宝路'),
('1号线','莘庄','上海体育馆'),
('1号线','莘庄','徐家汇'),
('1号线','莘庄','衡山路'),
('1号线','莘庄','常熟路'),
('1号线','莘庄','陕西南路'),
('1号线','莘庄','黄陂南路'),
('1号线','莘庄','人民广场'),
('1号线','莘庄','新闸路'),
('1号线','莘庄','汉中路'),
('1号线','莘庄','上海火车站'),
('1号线','莘庄','中山北路'),
('1号线','莘庄','延长路'),
('1号线','莘庄','上海马戏城'),
('1号线','莘庄','汶水路'),
('1号线','莘庄','彭浦新村'),
('1号线','莘庄','共康路'),
('1号线','莘庄','通河新村'),
('1号线','莘庄','呼兰路'),
('1号线','莘庄','共富新村'),
('1号线','莘庄','宝安公路'),
('1号线','莘庄','友谊西路'),
('1号线','莘庄','富锦路'),
('2号线','浦东国际机场','徐泾东'),
('2号线','浦东国际机场','虹桥火车站'),
('2号线','浦东国际机场','虹桥2号航站楼'),
('2号线','浦东国际机场','淞虹路'),
('2号线','浦东国际机场','北新泾'),
('2号线','浦东国际机场','威宁路'),
('2号线','浦东国际机场','娄山关路'),
('2号线','浦东国际机场','中山公园'),
('2号线','浦东国际机场','江苏路'),
('2号线','浦东国际机场','静安寺'),
('2号线','浦东国际机场','南京西路'),
('2号线','浦东国际机场','人民广场'),
('2号线','浦东国际机场','南京东路'),
('2号线','浦东国际机场','陆家嘴'),
('2号线','浦东国际机场','东昌路'),
('2号线','浦东国际机场','世纪大道'),
('2号线','浦东国际机场','上海科技馆'),
('2号线','浦东国际机场','世纪公园'),
('2号线','浦东国际机场','龙阳路'),
('2号线','浦东国际机场','张江高科'),
('2号线','浦东国际机场','金科路'),
('2号线','浦东国际机场','广兰路'),
('2号线','浦东国际机场','唐镇'),
('2号线','浦东国际机场','创新中路'),
('2号线','浦东国际机场','华夏东路'),
('2号线','浦东国际机场','川沙'),
('2号线','浦东国际机场','凌空路'),
('2号线','浦东国际机场','远东大道'),
('2号线','浦东国际机场','海天三路'),
('2号线','浦东国际机场','浦东国际机场'),
('2号线','徐泾东','徐泾东'),
('2号线','徐泾东','虹桥火车站'),
('2号线','徐泾东','虹桥2号航站楼'),
('2号线','徐泾东','淞虹路'),
('2号线','徐泾东','北新泾'),
('2号线','徐泾东','威宁路'),
('2号线','徐泾东','娄山关路'),
('2号线','徐泾东','中山公园'),
('2号线','徐泾东','江苏路'),
('2号线','徐泾东','静安寺'),
('2号线','徐泾东','南京西路'),
('2号线','徐泾东','人民广场'),
('2号线','徐泾东','南京东路'),
('2号线','徐泾东','陆家嘴'),
('2号线','徐泾东','东昌路'),
('2号线','徐泾东','世纪大道'),
('2号线','徐泾东','上海科技馆'),
('2号线','徐泾东','世纪公园'),
('2号线','徐泾东','龙阳路'),
('2号线','徐泾东','张江高科'),
('2号线','徐泾东','金科路'),
('2号线','徐泾东','广兰路'),
('2号线','徐泾东','唐镇'),
('2号线','徐泾东','创新中路'),
('2号线','徐泾东','华夏东路'),
('2号线','徐泾东','川沙'),
('2号线','徐泾东','凌空路'),
('2号线','徐泾东','远东大道'),
('2号线','徐泾东','海天三路'),
('2号线','徐泾东','浦东国际机场'),
('3号线','上海南站','上海南站'),
('3号线','上海南站','石龙路'),
('3号线','上海南站','龙漕路'),
('3号线','上海南站','漕溪路'),
('3号线','上海南站','宜山路'),
('3号线','上海南站','虹桥路'),
('3号线','上海南站','延安西路'),
('3号线','上海南站','中山公园'),
('3号线','上海南站','金沙江路'),
('3号线','上海南站','曹杨路'),
('3号线','上海南站','镇坪路'),
('3号线','上海南站','中潭路'),
('3号线','上海南站','上海火车站'),
('3号线','上海南站','宝山路'),
('3号线','上海南站','东宝兴路'),
('3号线','上海南站','虹口足球场'),
('3号线','上海南站','赤峰路'),
('3号线','上海南站','大柏树'),
('3号线','上海南站','江湾镇'),
('3号线','上海南站','殷高西路'),
('3号线','上海南站','长江南路'),
('3号线','上海南站','淞发路'),
('3号线','上海南站','张华浜'),
('3号线','上海南站','淞滨路'),
('3号线','上海南站','水产路'),
('3号线','上海南站','宝杨路'),
('3号线','上海南站','友谊路'),
('3号线','上海南站','铁力路'),
('3号线','上海南站','江杨北路'),
('3号线','江杨北路','上海南站'),
('3号线','江杨北路','石龙路'),
('3号线','江杨北路','龙漕路'),
('3号线','江杨北路','漕溪路'),
('3号线','江杨北路','宜山路'),
('3号线','江杨北路','虹桥路'),
('3号线','江杨北路','延安西路'),
('3号线','江杨北路','中山公园'),
('3号线','江杨北路','金沙江路'),
('3号线','江杨北路','曹杨路'),
('3号线','江杨北路','镇坪路'),
('3号线','江杨北路','中潭路'),
('3号线','江杨北路','上海火车站'),
('3号线','江杨北路','宝山路'),
('3号线','江杨北路','东宝兴路'),
('3号线','江杨北路','虹口足球场'),
('3号线','江杨北路','赤峰路'),
('3号线','江杨北路','大柏树'),
('3号线','江杨北路','江湾镇'),
('3号线','江杨北路','殷高西路'),
('3号线','江杨北路','长江南路'),
('3号线','江杨北路','淞发路'),
('3号线','江杨北路','张华浜'),
('3号线','江杨北路','淞滨路'),
('3号线','江杨北路','水产路'),
('3号线','江杨北路','宝杨路'),
('3号线','江杨北路','友谊路'),
('3号线','江杨北路','铁力路'),
('3号线','江杨北路','江杨北路'),
('4号线','宜山路','东宝兴路'),
('4号线','宜山路','虹口足球场'),
('4号线','宜山路','赤峰路'),
('4号线','宜山路','大柏树'),
('4号线','宜山路','江湾镇'),
('4号线','宜山路','殷高西路'),
('4号线','宜山路','长江南路'),
('4号线','宜山路','淞发路'),
('4号线','宜山路','张华浜'),
('4号线','宜山路','淞滨路'),
('4号线','宜山路','水产路'),
('4号线','宜山路','友谊路'),
('4号线','宜山路','铁力路'),
('4号线','宜山路','江杨北路'),
('4号线','宜山路','宜山路'),
('4号线','宜山路','虹桥路'),
('4号线','宜山路','延安西路'),
('4号线','宜山路','中山公园'),
('4号线','宜山路','金沙江路'),
('4号线','宜山路','曹杨路'),
('4号线','宜山路','镇坪路'),
('4号线','宜山路','中潭路'),
('4号线','宜山路','上海火车站'),
('4号线','宜山路','宝山路'),
('4号线','宜山路','海伦路'),
('4号线','宜山路','临平路'),
('4号线','宜山路','大连路'),
('4号线','宜山路','杨树浦路'),
('4号线','宜山路','浦东大道'),
('4号线','宜山路','世纪大道'),
('4号线','宜山路','浦电路'),
('4号线','宜山路','蓝村路'),
('4号线','宜山路','塘桥'),
('4号线','宜山路','南浦大桥'),
('4号线','宜山路','西藏南路'),
('4号线','宜山路','鲁班路'),
('4号线','宜山路','大木桥路'),
('4号线','宜山路','东安路'),
('4号线','宜山路','上海体育场'),
('4号线','宜山路','上海体育馆'),
('4号线','上海体育馆','东宝兴路'),
('4号线','上海体育馆','虹口足球场'),
('4号线','上海体育馆','赤峰路'),
('4号线','上海体育馆','大柏树'),
('4号线','上海体育馆','江湾镇'),
('4号线','上海体育馆','殷高西路'),
('4号线','上海体育馆','长江南路'),
('4号线','上海体育馆','淞发路'),
('4号线','上海体育馆','张华浜'),
('4号线','上海体育馆','淞滨路'),
('4号线','上海体育馆','水产路'),
('4号线','上海体育馆','宝杨路'),
('4号线','上海体育馆','友谊路'),
('4号线','上海体育馆','铁力路'),
('4号线','上海体育馆','江杨北路'),
('4号线','上海体育馆','宜山路'),
('4号线','上海体育馆','虹桥路'),
('4号线','上海体育馆','延安西路'),
('4号线','上海体育馆','中山公园'),
('4号线','上海体育馆','金沙江路'),
('4号线','上海体育馆','曹杨路'),
('4号线','上海体育馆','镇坪路'),
('4号线','上海体育馆','中潭路'),
('4号线','上海体育馆','上海火车站'),
('4号线','上海体育馆','宝山路'),
('4号线','上海体育馆','海伦路'),
('4号线','上海体育馆','临平路'),
('4号线','上海体育馆','大连路'),
('4号线','上海体育馆','杨树浦路'),
('4号线','上海体育馆','浦东大道'),
('4号线','上海体育馆','世纪大道'),
('4号线','上海体育馆','浦电路'),
('4号线','上海体育馆','蓝村路'),
('4号线','上海体育馆','塘桥'),
('4号线','上海体育馆','南浦大桥'),
('4号线','上海体育馆','西藏南路'),
('4号线','上海体育馆','鲁班路'),
('4号线','上海体育馆','大木桥路'),
('4号线','上海体育馆','东安路'),
('4号线','上海体育馆','上海体育场'),
('4号线','上海体育馆','上海体育馆'),
('5号线(主线)','莘庄','莘庄'),
('5号线(主线)','莘庄','春申路'),
('5号线(主线)','莘庄','银都路'),
('5号线(主线)','莘庄','颛桥'),
('5号线(主线)','莘庄','北桥'),
('5号线(主线)','莘庄','剑川路'),
('5号线(主线)','莘庄','东川路'),
('5号线(主线)','莘庄','江川路'),
('5号线(主线)','莘庄','西渡'),
('5号线(主线)','莘庄','肖塘'),
('5号线(主线)','莘庄','奉浦大道'),
('5号线(主线)','莘庄','环城东路'),
('5号线(主线)','莘庄','望园路'),
('5号线(主线)','莘庄','金海湖'),
('5号线(主线)','莘庄','奉贤新城'),
('5号线(主线)','奉贤新城','莘庄'),
('5号线(主线)','奉贤新城','春申路'),
('5号线(主线)','奉贤新城','银都路'),
('5号线(主线)','奉贤新城','颛桥'),
('5号线(主线)','奉贤新城','北桥'),
('5号线(主线)','奉贤新城','剑川路'),
('5号线(主线)','奉贤新城','东川路'),
('5号线(主线)','奉贤新城','江川路'),
('5号线(主线)','奉贤新城','西渡'),
('5号线(主线)','奉贤新城','肖塘'),
('5号线(主线)','奉贤新城','奉浦大道'),
('5号线(主线)','奉贤新城','环城东路'),
('5号线(主线)','奉贤新城','望园路'),
('5号线(主线)','奉贤新城','金海湖'),
('5号线(主线)','奉贤新城','奉贤新城'),
('5号线(支线)','东川路','东川路'),
('5号线(支线)','东川路','金平路'),
('5号线(支线)','东川路','华宁路'),
('5号线(支线)','东川路','文井路'),
('5号线(支线)','东川路','闵行开发区'),
('5号线(支线)','闵行开发区','东川路'),
('5号线(支线)','闵行开发区','金平路'),
('5号线(支线)','闵行开发区','华宁路'),
('5号线(支线)','闵行开发区','文井路'),
('5号线(支线)','闵行开发区','闵行开发区'),
('6号线','港城路','港城路'),
('6号线','港城路','外高桥保税区北'),
('6号线','港城路','航津路'),
('6号线','港城路','外高桥保税区南'),
('6号线','港城路','洲海路'),
('6号线','港城路','五洲大道'),
('6号线','港城路','东靖路'),
('6号线','港城路','巨峰路'),
('6号线','港城路','五莲路'),
('6号线','港城路','博兴路'),
('6号线','港城路','金桥路'),
('6号线','港城路','云山路'),
('6号线','港城路','德平路'),
('6号线','港城路','北洋泾路'),
('6号线','港城路','民生路'),
('6号线','港城路','源深体育中心'),
('6号线','港城路','世纪大道'),
('6号线','港城路','浦电路'),
('6号线','港城路','蓝村路'),
('6号线','港城路','上海儿童医学中心'),
('6号线','港城路','临沂新村'),
('6号线','港城路','高科西路'),
('6号线','港城路','东明路'),
('6号线','港城路','高青路'),
('6号线','港城路','华夏西路'),
('6号线','港城路','上南路'),
('6号线','港城路','灵岩南路'),
('6号线','港城路','东方体育中心'),
('6号线','东方体育中心','港城路'),
('6号线','东方体育中心','外高桥保税区北'),
('6号线','东方体育中心','航津路'),
('6号线','东方体育中心','外高桥保税区南'),
('6号线','东方体育中心','洲海路'),
('6号线','东方体育中心','五洲大道'),
('6号线','东方体育中心','东靖路'),
('6号线','东方体育中心','巨峰路'),
('6号线','东方体育中心','五莲路'),
('6号线','东方体育中心','博兴路'),
('6号线','东方体育中心','金桥路'),
('6号线','东方体育中心','云山路'),
('6号线','东方体育中心','德平路'),
('6号线','东方体育中心','北洋泾路'),
('6号线','东方体育中心','民生路'),
('6号线','东方体育中心','源深体育中心'),
('6号线','东方体育中心','世纪大道'),
('6号线','东方体育中心','浦电路'),
('6号线','东方体育中心','蓝村路'),
('6号线','东方体育中心','上海儿童医学中心'),
('6号线','东方体育中心','临沂新村'),
('6号线','东方体育中心','高科西路'),
('6号线','东方体育中心','东明路'),
('6号线','东方体育中心','高青路'),
('6号线','东方体育中心','华夏西路'),
('6号线','东方体育中心','上南路'),
('6号线','东方体育中心','灵岩南路'),
('6号线','东方体育中心','东方体育中心'),
('7号线','花木路','花木路'),
('7号线','花木路','龙阳路'),
('7号线','花木路','芳华路'),
('7号线','花木路','锦绣路'),
('7号线','花木路','杨高南路'),
('7号线','花木路','高科西路'),
('7号线','花木路','云台路'),
('7号线','花木路','耀华路'),
('7号线','花木路','长清路'),
('7号线','花木路','后滩'),
('7号线','花木路','龙华中路'),
('7号线','花木路','东安路'),
('7号线','花木路','肇嘉浜路'),
('7号线','花木路','常熟路'),
('7号线','花木路','静安寺'),
('7号线','花木路','昌平路'),
('7号线','花木路','长寿路'),
('7号线','花木路','镇坪路'),
('7号线','花木路','岚皋路'),
('7号线','花木路','新村路'),
('7号线','花木路','大华三路'),
('7号线','花木路','行知路'),
('7号线','花木路','大场镇'),
('7号线','花木路','场中路'),
('7号线','花木路','上大路'),
('7号线','花木路','南陈路'),
('7号线','花木路','上海大学'),
('7号线','花木路','祁华路'),
('7号线','花木路','顾村公园'),
('7号线','花木路','刘行'),
('7号线','花木路','潘广路'),
('7号线','花木路','罗南新村'),
('7号线','花木路','美兰湖'),
('7号线','美兰湖','花木路'),
('7号线','美兰湖','龙阳路'),
('7号线','美兰湖','芳华路'),
('7号线','美兰湖','锦绣路'),
('7号线','美兰湖','杨高南路'),
('7号线','美兰湖','高科西路'),
('7号线','美兰湖','云台路'),
('7号线','美兰湖','耀华路'),
('7号线','美兰湖','长清路'),
('7号线','美兰湖','后滩'),
('7号线','美兰湖','龙华中路'),
('7号线','美兰湖','东安路'),
('7号线','美兰湖','肇嘉浜路'),
('7号线','美兰湖','常熟路'),
('7号线','美兰湖','静安寺'),
('7号线','美兰湖','昌平路'),
('7号线','美兰湖','长寿路'),
('7号线','美兰湖','镇坪路'),
('7号线','美兰湖','岚皋路'),
('7号线','美兰湖','新村路'),
('7号线','美兰湖','大华三路'),
('7号线','美兰湖','行知路'),
('7号线','美兰湖','大场镇'),
('7号线','美兰湖','场中路'),
('7号线','美兰湖','上大路'),
('7号线','美兰湖','南陈路'),
('7号线','美兰湖','上海大学'),
('7号线','美兰湖','祁华路'),
('7号线','美兰湖','顾村公园'),
('7号线','美兰湖','刘行'),
('7号线','美兰湖','潘广路'),
('7号线','美兰湖','罗南新村'),
('7号线','美兰湖','美兰湖'),
('8号线','沈杜公路','沈杜公路'),
('8号线','沈杜公路','联航路'),
('8号线','沈杜公路','江月路'),
('8号线','沈杜公路','浦江镇'),
('8号线','沈杜公路','芦恒路'),
('8号线','沈杜公路','凌兆新村'),
('8号线','沈杜公路','东方体育中心'),
('8号线','沈杜公路','杨思'),
('8号线','沈杜公路','成山路'),
('8号线','沈杜公路','耀华路'),
('8号线','沈杜公路','中华艺术宫'),
('8号线','沈杜公路','西藏南路'),
('8号线','沈杜公路','陆家浜路'),
('8号线','沈杜公路','老西门'),
('8号线','沈杜公路','大世界'),
('8号线','沈杜公路','人民广场'),
('8号线','沈杜公路','曲阜路'),
('8号线','沈杜公路','中兴路'),
('8号线','沈杜公路','西藏北路'),
('8号线','沈杜公路','虹口足球场'),
('8号线','沈杜公路','曲阳路'),
('8号线','沈杜公路','四平路'),
('8号线','沈杜公路','鞍山新村'),
('8号线','沈杜公路','江浦路'),
('8号线','沈杜公路','黄兴路'),
('8号线','沈杜公路','延吉中路'),
('8号线','沈杜公路','黄兴公园'),
('8号线','沈杜公路','翔殷路'),
('8号线','沈杜公路','嫩江路'),
('8号线','沈杜公路','市光路'),
('8号线','市光路','沈杜公路'),
('8号线','市光路','联航路'),
('8号线','市光路','江月路'),
('8号线','市光路','浦江镇'),
('8号线','市光路','芦恒路'),
('8号线','市光路','凌兆新村'),
('8号线','市光路','东方体育中心'),
('8号线','市光路','杨思'),
('8号线','市光路','成山路'),
('8号线','市光路','耀华路'),
('8号线','市光路','中华艺术宫'),
('8号线','市光路','西藏南路'),
('8号线','市光路','陆家浜路'),
('8号线','市光路','老西门'),
('8号线','市光路','大世界'),
('8号线','市光路','人民广场'),
('8号线','市光路','曲阜路'),
('8号线','市光路','中兴路'),
('8号线','市光路','西藏北路'),
('8号线','市光路','虹口足球场'),
('8号线','市光路','曲阳路'),
('8号线','市光路','四平路'),
('8号线','市光路','鞍山新村'),
('8号线','市光路','江浦路'),
('8号线','市光路','黄兴路'),
('8号线','市光路','延吉中路'),
('8号线','市光路','黄兴公园'),
('8号线','市光路','翔殷路'),
('8号线','市光路','嫩江路'),
('8号线','市光路','市光路'),
('9号线','曹路','曹路'),
('9号线','曹路','民雷路'),
('9号线','曹路','顾唐路'),
('9号线','曹路','金海路'),
('9号线','曹路','金桥'),
('9号线','曹路','台儿庄路'),
('9号线','曹路','蓝天路'),
('9号线','曹路','芳甸路'),
('9号线','曹路','杨高中路'),
('9号线','曹路','世纪大道'),
('9号线','曹路','商城路'),
('9号线','曹路','小南门'),
('9号线','曹路','陆家浜路'),
('9号线','曹路','马当路'),
('9号线','曹路','打浦桥'),
('9号线','曹路','嘉善路'),
('9号线','曹路','肇嘉浜路'),
('9号线','曹路','徐家汇'),
('9号线','曹路','宜山路'),
('9号线','曹路','桂林路'),
('9号线','曹路','漕河泾开发区'),
('9号线','曹路','合川路'),
('9号线','曹路','星中路'),
('9号线','曹路','七宝'),
('9号线','曹路','中春路'),
('9号线','曹路','九亭'),
('9号线','曹路','泗泾'),
('9号线','曹路','佘山'),
('9号线','曹路','洞泾'),
('9号线','曹路','松江大学城'),
('9号线','曹路','松江新城'),
('9号线','曹路','松江体育中心'),
('9号线','曹路','醉白池'),
('9号线','曹路','松江南站'),
('9号线','松江南站','曹路'),
('9号线','松江南站','民雷路'),
('9号线','松江南站','顾唐路'),
('9号线','松江南站','金海路'),
('9号线','松江南站','金桥'),
('9号线','松江南站','台儿庄路'),
('9号线','松江南站','蓝天路'),
('9号线','松江南站','芳甸路'),
('9号线','松江南站','杨高中路'),
('9号线','松江南站','世纪大道'),
('9号线','松江南站','商城路'),
('9号线','松江南站','小南门'),
('9号线','松江南站','陆家浜路'),
('9号线','松江南站','马当路'),
('9号线','松江南站','打浦桥'),
('9号线','松江南站','嘉善路'),
('9号线','松江南站','肇嘉浜路'),
('9号线','松江南站','徐家汇'),
('9号线','松江南站','宜山路'),
('9号线','松江南站','桂林路'),
('9号线','松江南站','漕河泾开发区'),
('9号线','松江南站','合川路'),
('9号线','松江南站','星中路'),
('9号线','松江南站','七宝'),
('9号线','松江南站','中春路'),
('9号线','松江南站','九亭'),
('9号线','松江南站','泗泾'),
('9号线','松江南站','佘山'),
('9号线','松江南站','洞泾'),
('9号线','松江南站','松江大学城'),
('9号线','松江南站','松江新城'),
('9号线','松江南站','松江体育中心'),
('9号线','松江南站','醉白池'),
('9号线','松江南站','松江南站'),
('10号线(主线)','新江湾城','新江湾城'),
('10号线(主线)','新江湾城','殷高东路'),
('10号线(主线)','新江湾城','三门路'),
('10号线(主线)','新江湾城','江湾体育场'),
('10号线(主线)','新江湾城','五角场'),
('10号线(主线)','新江湾城','国权路'),
('10号线(主线)','新江湾城','同济大学'),
('10号线(主线)','新江湾城','四平路'),
('10号线(主线)','新江湾城','邮电新村'),
('10号线(主线)','新江湾城','海伦路'),
('10号线(主线)','新江湾城','四川北路'),
('10号线(主线)','新江湾城','天潼路'),
('10号线(主线)','新江湾城','南京东路'),
('10号线(主线)','新江湾城','豫园'),
('10号线(主线)','新江湾城','老西门'),
('10号线(主线)','新江湾城','新天地'),
('10号线(主线)','新江湾城','陕西南路'),
('10号线(主线)','新江湾城','上海图书馆'),
('10号线(主线)','新江湾城','交通大学'),
('10号线(主线)','新江湾城','虹桥路'),
('10号线(主线)','新江湾城','宋园路'),
('10号线(主线)','新江湾城','伊犁路'),
('10号线(主线)','新江湾城','水城路'),
('10号线(主线)','新江湾城','龙溪路'),
('10号线(主线)','新江湾城','上海动物园'),
('10号线(主线)','新江湾城','虹桥1号航站楼'),
('10号线(主线)','新江湾城','虹桥2号航站楼'),
('10号线(主线)','新江湾城','虹桥火车站'),
('10号线(主线)','虹桥火车站','新江湾城'),
('10号线(主线)','虹桥火车站','殷高东路'),
('10号线(主线)','虹桥火车站','三门路'),
('10号线(主线)','虹桥火车站','江湾体育场'),
('10号线(主线)','虹桥火车站','五角场'),
('10号线(主线)','虹桥火车站','国权路'),
('10号线(主线)','虹桥火车站','同济大学'),
('10号线(主线)','虹桥火车站','四平路'),
('10号线(主线)','虹桥火车站','邮电新村'),
('10号线(主线)','虹桥火车站','海伦路'),
('10号线(主线)','虹桥火车站','四川北路'),
('10号线(主线)','虹桥火车站','天潼路'),
('10号线(主线)','虹桥火车站','南京东路'),
('10号线(主线)','虹桥火车站','豫园'),
('10号线(主线)','虹桥火车站','老西门'),
('10号线(主线)','虹桥火车站','新天地'),
('10号线(主线)','虹桥火车站','陕西南路'),
('10号线(主线)','虹桥火车站','上海图书馆'),
('10号线(主线)','虹桥火车站','交通大学'),
('10号线(主线)','虹桥火车站','虹桥路'),
('10号线(主线)','虹桥火车站','宋园路'),
('10号线(主线)','虹桥火车站','伊犁路'),
('10号线(主线)','虹桥火车站','水城路'),
('10号线(主线)','虹桥火车站','龙溪路'),
('10号线(主线)','虹桥火车站','上海动物园'),
('10号线(主线)','虹桥火车站','虹桥1号航站楼'),
('10号线(主线)','虹桥火车站','虹桥2号航站楼'),
('10号线(主线)','虹桥火车站','虹桥火车站'),
('10号线(支线)','龙溪路','龙溪路'),
('10号线(支线)','龙溪路','龙柏新村'),
('10号线(支线)','龙溪路','紫藤路'),
('10号线(支线)','龙溪路','航中路'),
('10号线(支线)','航中路','龙溪路'),
('10号线(支线)','航中路','龙柏新村'),
('10号线(支线)','航中路','紫藤路'),
('10号线(支线)','航中路','航中路'),
('11号线(主线)','迪士尼','迪士尼'),
('11号线(主线)','迪士尼','康新公路'),
('11号线(主线)','迪士尼','秀沿路'),
('11号线(主线)','迪士尼','罗山路'),
('11号线(主线)','迪士尼','御桥'),
('11号线(主线)','迪士尼','三林东'),
('11号线(主线)','迪士尼','浦三路'),
('11号线(主线)','迪士尼','三林'),
('11号线(主线)','迪士尼','东方体育中心'),
('11号线(主线)','迪士尼','云锦路'),
('11号线(主线)','迪士尼','龙华'),
('11号线(主线)','迪士尼','龙耀路'),
('11号线(主线)','迪士尼','上海游泳馆'),
('11号线(主线)','迪士尼','交通大学'),
('11号线(主线)','迪士尼','徐家汇'),
('11号线(主线)','迪士尼','江苏路'),
('11号线(主线)','迪士尼','隆德路'),
('11号线(主线)','迪士尼','曹杨路'),
('11号线(主线)','迪士尼','枫桥路'),
('11号线(主线)','迪士尼','真如'),
('11号线(主线)','迪士尼','上海西站'),
('11号线(主线)','迪士尼','李子园'),
('11号线(主线)','迪士尼','祁连山路'),
('11号线(主线)','迪士尼','武威路'),
('11号线(主线)','迪士尼','桃浦新村'),
('11号线(主线)','迪士尼','南翔'),
('11号线(主线)','迪士尼','马陆'),
('11号线(主线)','迪士尼','嘉定新城'),
('11号线(主线)','迪士尼','白银路'),
('11号线(主线)','迪士尼','嘉定西'),
('11号线(主线)','迪士尼','嘉定北'),
('11号线(主线)','嘉定北','迪士尼'),
('11号线(主线)','嘉定北','康新公路'),
('11号线(主线)','嘉定北','秀沿路'),
('11号线(主线)','嘉定北','罗山路'),
('11号线(主线)','嘉定北','御桥'),
('11号线(主线)','嘉定北','三林东'),
('11号线(主线)','嘉定北','浦三路'),
('11号线(主线)','嘉定北','三林'),
('11号线(主线)','嘉定北','东方体育中心'),
('11号线(主线)','嘉定北','云锦路'),
('11号线(主线)','嘉定北','龙华'),
('11号线(主线)','嘉定北','龙耀路'),
('11号线(主线)','嘉定北','上海游泳馆'),
('11号线(主线)','嘉定北','交通大学'),
('11号线(主线)','嘉定北','徐家汇'),
('11号线(主线)','嘉定北','江苏路'),
('11号线(主线)','嘉定北','隆德路'),
('11号线(主线)','嘉定北','曹杨路'),
('11号线(主线)','嘉定北','枫桥路'),
('11号线(主线)','嘉定北','真如'),
('11号线(主线)','嘉定北','上海西站'),
('11号线(主线)','嘉定北','李子园'),
('11号线(主线)','嘉定北','祁连山路'),
('11号线(主线)','嘉定北','武威路'),
('11号线(主线)','嘉定北','桃浦新村'),
('11号线(主线)','嘉定北','南翔'),
('11号线(主线)','嘉定北','马陆'),
('11号线(主线)','嘉定北','嘉定新城'),
('11号线(主线)','嘉定北','白银路'),
('11号线(主线)','嘉定北','嘉定西'),
('11号线(主线)','嘉定北','嘉定北'),
('11号线(支线)','花桥','嘉定新城'),
('11号线(支线)','花桥','上海赛车场'),
('11号线(支线)','花桥','昌吉东路'),
('11号线(支线)','花桥','上海汽车城'),
('11号线(支线)','花桥','安亭'),
('11号线(支线)','花桥','兆丰路'),
('11号线(支线)','花桥','光明路'),
('11号线(支线)','花桥','花桥'),
('11号线(支线)','嘉定新城','嘉定新城'),
('11号线(支线)','嘉定新城','上海赛车场'),
('11号线(支线)','嘉定新城','昌吉东路'),
('11号线(支线)','嘉定新城','上海汽车城'),
('11号线(支线)','嘉定新城','安亭'),
('11号线(支线)','嘉定新城','兆丰路'),
('11号线(支线)','嘉定新城','光明路'),
('11号线(支线)','嘉定新城','花桥'),
('12号线','七莘路','金海路'),
('12号线','七莘路','申江路'),
('12号线','七莘路','金京路'),
('12号线','七莘路','杨高北路'),
('12号线','七莘路','巨峰路'),
('12号线','七莘路','东陆路'),
('12号线','七莘路','复兴岛'),
('12号线','七莘路','爱国路'),
('12号线','七莘路','隆昌路'),
('12号线','七莘路','宁国路'),
('12号线','七莘路','江浦公园'),
('12号线','七莘路','大连路'),
('12号线','七莘路','提篮桥'),
('12号线','七莘路','国际客运中心'),
('12号线','七莘路','天潼路'),
('12号线','七莘路','汉中路'),
('12号线','七莘路','南京西路'),
('12号线','七莘路','陕西南路'),
('12号线','七莘路','嘉善路'),
('12号线','七莘路','大木桥路'),
('12号线','七莘路','龙华中路'),
('12号线','七莘路','龙华'),
('12号线','七莘路','龙漕路'),
('12号线','七莘路','漕宝路'),
('12号线','七莘路','桂林公园'),
('12号线','七莘路','虹漕路'),
('12号线','七莘路','虹梅路'),
('12号线','七莘路','东兰路'),
('12号线','七莘路','顾戴路'),
('12号线','七莘路','虹莘路'),
('12号线','七莘路','七莘路'),
('12号线','金海路','金海路'),
('12号线','金海路','申江路'),
('12号线','金海路','金京路'),
('12号线','金海路','杨高北路'),
('12号线','金海路','巨峰路'),
('12号线','金海路','东陆路'),
('12号线','金海路','复兴岛'),
('12号线','金海路','爱国路'),
('12号线','金海路','隆昌路'),
('12号线','金海路','宁国路'),
('12号线','金海路','江浦公园'),
('12号线','金海路','大连路'),
('12号线','金海路','提篮桥'),
('12号线','金海路','国际客运中心'),
('12号线','金海路','天潼路'),
('12号线','金海路','曲阜路'),
('12号线','金海路','汉中路'),
('12号线','金海路','南京西路'),
('12号线','金海路','陕西南路'),
('12号线','金海路','嘉善路'),
('12号线','金海路','大木桥路'),
('12号线','金海路','龙华中路'),
('12号线','金海路','龙华'),
('12号线','金海路','龙漕路'),
('12号线','金海路','漕宝路'),
('12号线','金海路','桂林公园'),
('12号线','金海路','虹漕路'),
('12号线','金海路','虹梅路'),
('12号线','金海路','东兰路'),
('12号线','金海路','顾戴路'),
('12号线','金海路','虹莘路'),
('12号线','金海路','七莘路'),
('13号线','金运路','金运路'),
('13号线','金运路','金沙江西路'),
('13号线','金运路','丰庄'),
('13号线','金运路','祁连山南路'),
('13号线','金运路','真北路'),
('13号线','金运路','大渡河路'),
('13号线','金运路','金沙江路'),
('13号线','金运路','隆德路'),
('13号线','金运路','武宁路'),
('13号线','金运路','长寿路'),
('13号线','金运路','江宁路'),
('13号线','金运路','汉中路'),
('13号线','金运路','自然博物馆'),
('13号线','金运路','南京西路'),
('13号线','金运路','淮海中路'),
('13号线','金运路','新天地'),
('13号线','金运路','马当路'),
('13号线','金运路','世博会博物馆'),
('13号线','金运路','世博大道'),
('13号线','金运路','长清路'),
('13号线','金运路','成山路'),
('13号线','金运路','东明路'),
('13号线','金运路','华鹏路'),
('13号线','金运路','下南路'),
('13号线','金运路','北蔡'),
('13号线','金运路','陈春路'),
('13号线','金运路','莲溪路'),
('13号线','金运路','华夏中路'),
('13号线','金运路','中科路'),
('13号线','金运路','学林路'),
('13号线','金运路','张江路'),
('13号线','张江路','金运路'),
('13号线','张江路','金沙江西路'),
('13号线','张江路','丰庄'),
('13号线','张江路','祁连山南路'),
('13号线','张江路','真北路'),
('13号线','张江路','大渡河路'),
('13号线','张江路','金沙江路'),
('13号线','张江路','隆德路'),
('13号线','张江路','武宁路'),
('13号线','张江路','长寿路'),
('13号线','张江路','江宁路'),
('13号线','张江路','汉中路'),
('13号线','张江路','自然博物馆'),
('13号线','张江路','南京西路'),
('13号线','张江路','淮海中路'),
('13号线','张江路','新天地'),
('13号线','张江路','马当路'),
('13号线','张江路','世博会博物馆'),
('13号线','张江路','世博大道'),
('13号线','张江路','长清路'),
('13号线','张江路','成山路'),
('13号线','张江路','东明路'),
('13号线','张江路','华鹏路'),
('13号线','张江路','下南路'),
('13号线','张江路','北蔡'),
('13号线','张江路','陈春路'),
('13号线','张江路','莲溪路'),
('13号线','张江路','华夏中路'),
('13号线','张江路','中科路'),
('13号线','张江路','学林路'),
('13号线','张江路','张江路'),
('16号线','龙阳路','龙阳路'),
('16号线','龙阳路','华夏中路'),
('16号线','龙阳路','罗山路'),
('16号线','龙阳路','周浦东'),
('16号线','龙阳路','鹤沙航城'),
('16号线','龙阳路','航头东'),
('16号线','龙阳路','新场'),
('16号线','龙阳路','野生动物园'),
('16号线','龙阳路','惠南'),
('16号线','龙阳路','惠南东'),
('16号线','龙阳路','书院'),
('16号线','龙阳路','临港大道'),
('16号线','龙阳路','滴水湖'),
('16号线','滴水湖','龙阳路'),
('16号线','滴水湖','华夏中路'),
('16号线','滴水湖','罗山路'),
('16号线','滴水湖','周浦东'),
('16号线','滴水湖','鹤沙航城'),
('16号线','滴水湖','航头东'),
('16号线','滴水湖','新场'),
('16号线','滴水湖','野生动物园'),
('16号线','滴水湖','惠南'),
('16号线','滴水湖','惠南东'),
('16号线','滴水湖','书院'),
('16号线','滴水湖','临港大道'),
('16号线','滴水湖','滴水湖'),
('17号线','东方绿洲','虹桥火车站'),
('17号线','东方绿洲','褚光路'),
('17号线','东方绿洲','蟠龙路'),
('17号线','东方绿洲','徐盈路'),
('17号线','东方绿洲','徐泾北城'),
('17号线','东方绿洲','嘉松中路'),
('17号线','东方绿洲','赵巷'),
('17号线','东方绿洲','汇金路'),
('17号线','东方绿洲','青浦新城'),
('17号线','东方绿洲','曹盈路'),
('17号线','东方绿洲','淀山湖大道'),
('17号线','东方绿洲','朱家角'),
('17号线','东方绿洲','东方绿洲'),
('17号线','虹桥火车站','虹桥火车站'),
('17号线','虹桥火车站','褚光路'),
('17号线','虹桥火车站','蟠龙路'),
('17号线','虹桥火车站','徐盈路'),
('17号线','虹桥火车站','徐泾北城'),
('17号线','虹桥火车站','嘉松中路'),
('17号线','虹桥火车站','赵巷'),
('17号线','虹桥火车站','汇金路'),
('17号线','虹桥火车站','青浦新城'),
('17号线','虹桥火车站','曹盈路'),
('17号线','虹桥火车站','淀山湖大道'),
('17号线','虹桥火车站','朱家角'),
('17号线','虹桥火车站','东方绿洲'),
('磁悬浮','龙阳路','龙阳路'),
('磁悬浮','龙阳路','浦东国际机场'),
('磁悬浮','浦东国际机场','龙阳路'),
('磁悬浮','浦东国际机场','浦东国际机场'),
('浦江线','沈杜公路','沈杜公路'),
('浦江线','沈杜公路','三鲁公路'),
('浦江线','沈杜公路','闵瑞路'),
('浦江线','沈杜公路','浦航路'),
('浦江线','沈杜公路','东城一路'),
('浦江线','沈杜公路','汇臻路'),
('浦江线','汇臻路','沈杜公路'),
('浦江线','汇臻路','三鲁公路'),
('浦江线','汇臻路','闵瑞路'),
('浦江线','汇臻路','浦航路'),
('浦江线','汇臻路','东城一路'),
('浦江线','汇臻路','汇臻路');


drop table if exists cardUse;
create table cardUse(
cardId varchar(20),
useDate varchar(20),
useTime varchar(20),
lineName varchar(50),
stationName varchar(40),
primary key(cardId,useDate,useTime));

alter table cardUse
drop vehicle;
alter table cardUse
drop price;
alter table cardUse
drop discount;

# Temp
drop table if exists cardUse1;
create table cardUse1(
cardId1 varchar(20),
useDate1 varchar(20),
useTime1 varchar(20),
lineStationName1 varchar(40),
vehicle1 varchar(10),
price1 varchar(10),
discount1 varchar(20)
);

select * from line;

SET bulk_insert_buffer_size =1024*1024*256;
show variables like '%bulk%';





select count(*) from cardUse1;


-- ----------------------------
-- Table structure for user
-- ----------------------------

DROP TABLE IF EXISTS `user`;
CREATE TABLE `user` (
  `id` int(11) NOT NULL AUTO_INCREMENT,
  `username` varchar(64) DEFAULT NULL,
  `nickname` varchar(64) DEFAULT NULL,
  `password` varchar(255) DEFAULT NULL,
  `enabled` tinyint(1) DEFAULT '1',
  `email` varchar(64) DEFAULT NULL,
  `userface` varchar(255) DEFAULT NULL,
  `regTime` datetime DEFAULT NULL,
  PRIMARY KEY (`id`)
) ENGINE=InnoDB AUTO_INCREMENT=21 DEFAULT CHARSET=utf8;



INSERT INTO `user` VALUES ('6', 'linghu', '令狐葱', '202cb962ac59075b964b07152d234b70', '1', 'linghu@qq.com', 'https://timgsa.baidu.com/timg?image&quality=80&size=b9999_10000&sec=1514093920326&di=44a6fa6b597d86f475c2b15fa93008dd&imgtype=0&src=http%3A%2F%2Fwww.qqzhi.com%2Fuploadpic%2F2015-01-12%2F023019564.jpg', '2017-12-08 09:30:22');
INSERT INTO `user` VALUES ('7', 'sang', '江南一点雨', '202cb962ac59075b964b07152d234b70', '1', 'sang123@qq.com', 'https://timgsa.baidu.com/timg?image&quality=80&size=b9999_10000&sec=1514093920321&di=913e88c23f382933ef430024afd9128a&imgtype=0&src=http%3A%2F%2Fp.3761.com%2Fpic%2F9771429316733.jpg', '2017-12-21 13:30:29');
INSERT INTO `user` VALUES ('10', 'qiaofeng', '乔峰', '202cb962ac59075b964b07152d234b70', '1', 'qiaofeng@qq.com', 'https://timgsa.baidu.com/timg?image&quality=80&size=b9999_10000&sec=1514093920321&di=913e88c23f382933ef430024afd9128a&imgtype=0&src=http%3A%2F%2Fp.3761.com%2Fpic%2F9771429316733.jpg', '2017-12-24 06:30:46');
INSERT INTO `user` VALUES ('13', 'duanzhengchun', '段正淳', '202cb962ac59075b964b07152d234b70', '0', 'duanzhengchun@qq.com', 'https://timgsa.baidu.com/timg?image&quality=80&size=b9999_10000&sec=1514093920321&di=913e88c23f382933ef430024afd9128a&imgtype=0&src=http%3A%2F%2Fp.3761.com%2Fpic%2F9771429316733.jpg', '2017-12-24 06:30:46');
INSERT INTO `user` VALUES ('14', 'chenjialuo', '陈家洛', '202cb962ac59075b964b07152d234b70', '0', 'chenjialuo@qq.com', 'https://timgsa.baidu.com/timg?image&quality=80&size=b9999_10000&sec=1514093920321&di=913e88c23f382933ef430024afd9128a&imgtype=0&src=http%3A%2F%2Fp.3761.com%2Fpic%2F9771429316733.jpg', '2017-12-24 06:30:46');
INSERT INTO `user` VALUES ('15', 'yuanchengzhi', '袁承志', '202cb962ac59075b964b07152d234b70', '1', 'yuanchengzhi@qq.com', 'https://timgsa.baidu.com/timg?image&quality=80&size=b9999_10000&sec=1514093920321&di=913e88c23f382933ef430024afd9128a&imgtype=0&src=http%3A%2F%2Fp.3761.com%2Fpic%2F9771429316733.jpg', '2017-12-24 06:30:46');
INSERT INTO `user` VALUES ('16', 'chuliuxiang', '楚留香', '202cb962ac59075b964b07152d234b70', '1', 'chuliuxiang@qq.com', 'https://timgsa.baidu.com/timg?image&quality=80&size=b9999_10000&sec=1514093920321&di=913e88c23f382933ef430024afd9128a&imgtype=0&src=http%3A%2F%2Fp.3761.com%2Fpic%2F9771429316733.jpg', '2017-12-24 06:30:46');
INSERT INTO `user` VALUES ('17', 'baizhantang', '白展堂', '202cb962ac59075b964b07152d234b70', '0', 'baizhantang@qq.com', 'https://timgsa.baidu.com/timg?image&quality=80&size=b9999_10000&sec=1514093920321&di=913e88c23f382933ef430024afd9128a&imgtype=0&src=http%3A%2F%2Fp.3761.com%2Fpic%2F9771429316733.jpg', '2017-12-24 06:30:46');
INSERT INTO `user` VALUES ('18', 'renwoxing', '任我行', '202cb962ac59075b964b07152d234b70', '1', 'renwoxing@qq.com', 'https://timgsa.baidu.com/timg?image&quality=80&size=b9999_10000&sec=1514093920321&di=913e88c23f382933ef430024afd9128a&imgtype=0&src=http%3A%2F%2Fp.3761.com%2Fpic%2F9771429316733.jpg', '2017-12-24 06:30:46');
INSERT INTO `user` VALUES ('19', 'zuolengchan', '左冷禅', '202cb962ac59075b964b07152d234b70', '1', 'zuolengchan@qq.com', 'https://timgsa.baidu.com/timg?image&quality=80&size=b9999_10000&sec=1514093920321&di=913e88c23f382933ef430024afd9128a&imgtype=0&src=http%3A%2F%2Fp.3761.com%2Fpic%2F9771429316733.jpg', '2017-12-24 06:30:46');
INSERT INTO `user` VALUES ('20', 'fengqingyang', '风清扬', '202cb962ac59075b964b07152d234b70', '1', 'fengqingyang@qq.com', 'https://timgsa.baidu.com/timg?image&quality=80&size=b9999_10000&sec=1514093920321&di=913e88c23f382933ef430024afd9128a&imgtype=0&src=http%3A%2F%2Fp.3761.com%2Fpic%2F9771429316733.jpg', '2017-12-24 06:30:46');
INSERT INTO `user` VALUES ('23', 'zsdr', '吴宇航', '202cb962ac59075b964b07152d234b70', '1', '10175101147@stu.ecnu.edu.cn', 'https://timgsa.baidu.com/timg?image&quality=80&size=b9999_10000&sec=1514093920321&di=913e88c23f382933ef430024afd9128a&imgtype=0&src=http%3A%2F%2Fp.3761.com%2Fpic%2F9771429316733.jpg', '2017-12-21 13:30:29');
INSERT INTO `user` VALUES ('25', 'Haven', '童翰文', '202cb962ac59075b964b07152d234b70', '1', '10175101147@stu.ecnu.edu.cn', 'https://timgsa.baidu.com/timg?image&quality=80&size=b9999_10000&sec=1514093920321&di=913e88c23f382933ef430024afd9128a&imgtype=0&src=http%3A%2F%2Fp.3761.com%2Fpic%2F9771429316733.jpg', '2017-12-21 13:30:29');
INSERT INTO `user` VALUES ('27', 'pf', '彭锋', '202cb962ac59075b964b07152d234b70', '1', '10175101147@stu.ecnu.edu.cn', 'https://timgsa.baidu.com/timg?image&quality=80&size=b9999_10000&sec=1514093920321&di=913e88c23f382933ef430024afd9128a&imgtype=0&src=http%3A%2F%2Fp.3761.com%2Fpic%2F9771429316733.jpg', '2017-12-21 13:30:29');




select * from user;

delete from `user` where id = 22;
delete from `user` where id = 21;


-- ----------------------------
-- Table structure for roles_user
-- ----------------------------
DROP TABLE IF EXISTS `roles_user`;
CREATE TABLE `roles_user` (
  `id` int(11) NOT NULL AUTO_INCREMENT,
  `rid` int(11) DEFAULT '2',
  `uid` int(11) DEFAULT NULL,
  PRIMARY KEY (`id`),
  KEY `rid` (`rid`),
  KEY `roles_user_ibfk_2` (`uid`),
  CONSTRAINT `roles_user_ibfk_1` FOREIGN KEY (`rid`) REFERENCES `roles` (`id`),
  CONSTRAINT `roles_user_ibfk_2` FOREIGN KEY (`uid`) REFERENCES `user` (`id`) ON DELETE CASCADE
) ENGINE=InnoDB AUTO_INCREMENT=131 DEFAULT CHARSET=utf8mb4;

select * from roles_user;

-- ----------------------------
-- Records of roles_user
-- ----------------------------
INSERT INTO `roles_user` VALUES ('8', '2', '7');
INSERT INTO `roles_user` VALUES ('9', '1', '7');
INSERT INTO `roles_user` VALUES ('17', '5', '7');
INSERT INTO `roles_user` VALUES ('106', '2', '14');
INSERT INTO `roles_user` VALUES ('108', '2', '16');
INSERT INTO `roles_user` VALUES ('109', '2', '17');
INSERT INTO `roles_user` VALUES ('110', '2', '18');
INSERT INTO `roles_user` VALUES ('111', '2', '19');
INSERT INTO `roles_user` VALUES ('112', '2', '20');
INSERT INTO `roles_user` VALUES ('119', '2', '15');
INSERT INTO `roles_user` VALUES ('120', '5', '15');
INSERT INTO `roles_user` VALUES ('121', '2', '6');
INSERT INTO `roles_user` VALUES ('123', '2', '13');
INSERT INTO `roles_user` VALUES ('124', '3', '13');
INSERT INTO `roles_user` VALUES ('128', '2', '10');
INSERT INTO `roles_user` VALUES ('129', '5', '10');
INSERT INTO `roles_user` VALUES ('130', '1', '6');
insert into `roles_user` values ('2','1','21');
insert into `roles_user` values ('1', '2','21');
insert into `roles_user` values ('26', '5', '21');
insert into `roles_user` values ('10','2','22');
insert into `roles_user` values ('11','1','22');
insert into `roles_user` values ('12','5','22');
insert into `roles_user` values ('13','2','23');
insert into `roles_user` values ('14','1','23');
insert into `roles_user` values ('15','5','23');
insert into `roles_user` values ('16','2','25');
insert into `roles_user` values ('19','1','25');
insert into `roles_user` values ('18','5','25');
insert into `roles_user` values ('21','5', '27');

delete from `roles_user` where uid = 22;

select * from roles_user;

SELECT r.* FROM roles r,roles_user ru WHERE r.`id`=ru.`rid` AND ru.`uid`= 22;

SELECT r.* FROM roles r,roles_user ru WHERE r.`id`=ru.`rid` AND ru.`uid`= 22;

SELECT r.* FROM roles r,roles_user ru WHERE r.`id`=ru.`rid` AND ru.`uid`= 7;

-- ----------------------------
-- Table structure for roles
-- ----------------------------
DROP TABLE IF EXISTS `roles`;
CREATE TABLE `roles` (
  `id` int(11) NOT NULL AUTO_INCREMENT,
  `name` varchar(32) DEFAULT NULL,
  PRIMARY KEY (`id`)
) ENGINE=InnoDB AUTO_INCREMENT=6 DEFAULT CHARSET=utf8mb4;

-- ----------------------------
-- Records of roles
-- ----------------------------
INSERT INTO `roles` VALUES ('1', '超级管理员');
INSERT INTO `roles` VALUES ('2', '普通用户');
INSERT INTO `roles` VALUES ('3', '测试角色1');
INSERT INTO `roles` VALUES ('4', '测试角色2');
INSERT INTO `roles` VALUES ('5', '测试角色3');

select * from roles;

insert into cardUse(cardId, useDate, useTime, lineStationName, vehicle, price, discount)
select *
from cardUse1
where (cardId1,useDate1,useTime1) in
(select cardId1,useDate1,useTime1
 from cardUse1
 group by cardId1,useDate1,useTime1
 having count(cardId1)=1);
 
 select * from cardUse1;
 
 select count(*) from cardUse;
 
 
 drop procedure if exists insertline;
 
delimiter //
create procedure insertline(in lineName varchar(50), in origin varchar(40), 
                            in destination varchar(40), in startTime varchar(20), 
                            in endTime varchar(20),out result varchar(20))
begin
     if(origin not in (select *
					   from station))
	 then insert into station
                 values(origin);
	 end if;
     if(destination not in (select *
							from station))
	 then insert into station
                 values(destination);
	 end if;
	 insert into line
           values(lineName,origin,destination,startTime,endTime),
				 (lineName,destination,origin,startTime,endTime);
     insert into lineStation
           values(lineName,origin,origin),
                 (lineName,origin,destination),
                 (lineName,destination,origin),
                 (lineName,destination,destination);
	 set result = "success";
end//
delimiter ;


-- ----------------------------
-- test
-- ----------------------------
call insertline('No.22','home','school','','');


select * from line where lineName = 'No.22';
delete from line where lineName = 'No.22';

select * from station where stationName = 'home';
delete from station where stationName = 'home';

select * from station where stationName = 'school';
delete from station where stationName = 'school';

select * from lineStation where lineName = 'No.22';
delete from lineStation where lineName = 'No.22';


-- ----------------------------
-- test
-- ----------------------------



drop procedure if exists insertstation;
delimiter //
create procedure insertstation(in lineName varchar(20), in origin varchar(40), 
                               in stationName varchar(40),out result varchar(20))
begin
	declare insertDestination varchar(20);
    select destination into insertDestination
    from line
    where line.lineName = lineName and line.origin = origin;
     if(stationName not in (select *
					        from station))
	 then insert into station
                 values(stationName);
	 end if;
     insert into lineStation
		   values(lineName,origin,stationName),
                 (lineName,insertDestination,stationName);
	 set result = "success";
end//
delimiter ;


set @result = '';
call insertstation('No.22','home','toilet',@result);

select @result;

select * from lineStation where stationName = 'toilet';
delete from lineStation where stationName = 'toilet';

select * from station where stationName = 'toilet';
delete from station where stationName = 'toilet';
 


# add column to cardUse
select * from cardUse2;
alter table cardUse2 drop cardId2;
alter table cardUse2 drop useDate2;
alter table cardUse2 drop useTime2;
drop table if exists cardUse1;
create table cardUse2(
cardId2 varchar(20),
useDate2 varchar(20),
useTime2 varchar(20),
lineName2 varchar(40),
stationName2 varchar(10)
) as
select cardId1, useDate1, useTime1, substring(lineStationName1,1,locate('线',lineStationName1)) as lineName2, 
									substring(lineStationName1,locate('线',lineStationName1)+1,length(lineStationName1)) as stationName2
from carduse1;

# reduce duplicate
insert into cardUse
select *
from cardUse2
where (cardId1,useDate1,useTime1) in
(select cardId1,useDate1,useTime1
 from cardUse2
 group by cardId1,useDate1,useTime1
 having count(cardId1)=1);
 
 select * from cardUse;
 show index from cardUse;
 
 # run
drop table if exists run;

create table run(
runId int auto_increment,
lineName varchar(50),
origin varchar(40),
morningRushInterval varchar(20),
normalInterval varchar(20),
nightRushInterval varchar(20),
otherTimeInterval varchar(20),
primary key(runId),
foreign key(lineName,origin) references line(lineName,origin));

insert into run
	values(1,'1号线','莘庄','2分30秒','4分钟','3分钟','4-9分钟'),
		  (2,'1号线','富锦路','2分30秒','6分钟','3分钟','4-9分钟'),
          (3,'2号线','徐泾东','4分30秒','8分钟','7分钟','5-12分钟'),
          (4,'2号线','浦东国际机场','4分30秒','8分钟','7分钟','5-12分钟'),
          (5,'3号线','上海南站','7分30秒','7分钟','5分钟','5-10分钟'),
          (6,'3号线','江杨北路','3分45秒','14分钟','10分钟','5-10分钟'),
          (7,'4号线','上海体育馆','4分钟','7分钟','5分钟','7-15分钟'),
          (8,'4号线','宜山路','6分40秒','7分钟','5分钟','7-15分钟'),
          (9,'5号线(主线)','奉贤新城','8分钟','6分钟','8分钟','7分30秒-10分钟'),
          (10,'5号线(主线)','莘庄','4分钟','6分钟','4分钟','7分30秒-10分钟'),
          (11,'5号线(支线)','东川路','7分30秒','7分30秒','7分30秒','7分30秒-10分钟'),
          (12,'5号线(支线)','闵行开发区','7分30秒','7分30秒','7分30秒','7分30秒-10分钟'),
          (13,'6号线','东方体育中心','7分钟','9分钟','7分30秒','10-11分钟'),
          (14,'6号线','港城路','4分20秒','9分钟','7分30秒','10-11分钟'),
          (15,'7号线','美兰湖','6分15秒','11分钟','3分45秒','10-11分钟'),
          (16,'7号线','花木路','5分20秒','5分30秒','5分钟','5-8分钟'),
          (17,'8号线','市光路','2分50秒','6分钟','4分钟','10-12分钟'),
          (18,'8号线','沈杜公路','3分钟','7分钟','4分钟','10-12分钟'),
          (19,'9号线','曹路','3分钟','5分30秒','2分30秒','8-10分钟'),
          (20,'9号线','松江南站','1分55秒','5分30秒','3分钟','8-10分钟'),
          (21,'10号线(主线)','新江湾城','4分17秒','8分钟','8分钟','10分钟'),
          (22,'10号线(主线)','虹桥火车站','4分钟','3分45秒','3分45秒','5分钟'),
          (23,'10号线(支线)','航中路','10分钟','10分钟','10分钟','10分钟'),
          (24,'10号线(支线)','龙溪路','4分钟','3分钟','3分45秒','5分钟'),
          (25,'11号线(主线)','嘉定北','6分钟','6分钟','7分钟','5-7分钟'),
          (26,'11号线(主线)','迪士尼','7分30秒','12分钟','6分钟','10-12分钟'),
          (27,'11号线(支线)','嘉定新城','5分钟','12分钟','7分钟','6-8分钟'),
          (28,'11号线(支线)','花桥','3分45秒','3分钟','6分钟','6-8分钟'),
          (29,'12号线','七莘路','3分钟','6分钟','4分10秒','8-10分钟'),
          (30,'12号线','金海路','6分钟','6分钟','8分20秒','8-10分钟'),
          (31,'13号线','张江路','3分钟','6分钟','3分钟','6-10分钟'),
          (32,'13号线','金运路','6分钟','6分钟','6分钟','6-10分钟'),
          (33,'16号线','滴水湖','3分30秒','8分钟','4分钟','8-12分钟'),
          (34,'16号线','龙阳路','4分30秒','8分钟','4分钟','8-12分钟'),
          (35,'17号线','东方绿洲','10分钟','8分钟','10分钟','8-10分钟'),
          (36,'17号线','虹桥火车站','5分钟','8分钟','5分钟','8-10分钟'),
          (37,'浦江线','汇臻路','4分15秒','10分钟','5分钟','10分钟'),
          (38,'浦江线','沈杜公路','4分15秒','10分钟','5分钟','10分钟'),
          (39,'磁悬浮','浦东国际机场','20分钟','15分钟','20分钟','15分钟'),
          (40,'磁悬浮','龙阳路','20分钟','15分钟','20分钟','20分钟');

select * from run;
delete from run where runId = 41;
insert into run(lineName, origin, morningRushInterval, normalInterval, nightRushInterval, otherTimeInterval) values('No.22','home','','','','');
